TimeRange,PercentDaysWithCarbs
Afternoon (2-5 PM),36.734693877551024
Evening (5-10 PM),63.26530612244898
Midday (10 AM - 2 PM),38.775510204081634
Morning (5-10 AM),32.6530612244898
Other,34.69387755102041
